{"cameraMode":{"drawMode":0,"name":"Shaded","section":"Shading Mode"},"sceneLighting":true,"audioPlay":false,"sceneViewState":{"m_AlwaysRefresh":false,"showFog":true,"showSkybox":true,"showFlares":true,"showImageEffects":true,"showParticleSystems":true,"showVisualEffectGraphs":true,"m_FxEnabled":true},"in2DMode":false,"pivot":{"x":1.1510686874389649,"y":9.414663314819336,"z":2.1807994842529299},"rotation":{"x":0.2238597422838211,"y":0.03215575963258743,"z":-0.007390023674815893,"w":0.9740629196166992},"size":9.09505844116211,"orthographic":false}